{"timestamp":{"duration":34240266048,"delta":2014912693,"all":[1643227449019444600,1643227451034357293,1643227453044342250,1643227455054038053,1643227457063214245,1643227459072816669,1643227461084085320,1643227463092574537,1643227465111675450,1643227467124133650,1643227469134129697,1643227471143840264,1643227473154463437,1643227475168012251,1643227477193271064,1643227479206143043,1643227481242531407,1643227483259710648]},"cpu":{"max":0.33324,"80%":0.33169,"average":0.30137,"samples":[0.07090918367346939,0.14115247524752475,0.318229,0.31881584158415843,0.320155,0.32046732673267325,0.32205,0.32216930693069307,0.323019,0.323642,0.32657029702970297,0.328009900990099,0.328629,0.3307111111111111,0.331694,0.332465,0.332772,0.333244]},"memory":{"max":13144064,"80%":12877824,"average":12549917,"samples":[11612160,11812864,11821056,12165120,12165120,12427264,12435456,12652544,12660736,12869632,12873728,12873728,12873728,12877824,12877824,12877824,12877824,13144064]}}
