{"timestamp":{"duration":80792856000,"delta":2016807000,"all":[1645812464051190000,1645812466067997000,1645812468080372000,1645812470095920000,1645812472111698000,1645812474136012000,1645812476155470000,1645812478180046000,1645812480194676000,1645812482214400000,1645812484239074000,1645812486257718000,1645812488283324000,1645812490303612000,1645812492346177000,1645812494365294000,1645812496382596000,1645812498399921000,1645812500417582000,1645812502433083000,1645812504447197000,1645812506466098000,1645812508486284000,1645812510502930000,1645812512520537000,1645812514540002000,1645812516559643000,1645812518584563000,1645812520602627000,1645812522620015000,1645812524636080000,1645812526672189000,1645812528701272000,1645812530717079000,1645812532739415000,1645812534753214000,1645812536768527000,1645812538789108000,1645812540809722000,1645812542827701000,1645812544844046000]},"cpu":{"max":1.17642,"80%":0.98841,"average":0.80928,"samples":[0.009117866666666667,0.07076165803108808,0.15878944591029023,0.1593849582172702,0.2627574229691877,0.6881225130890052,0.7170989583333334,0.7356533333333334,0.7485041095890411,0.7540361702127659,0.7742673796791444,0.7997905263157895,0.8070761904761905,0.8100307692307692,0.8154970509383378,0.831940625,0.8402652406417113,0.8414810526315789,0.8503289124668435,0.8698461538461538,0.8778127659574468,0.878966844919786,0.8850821052631579,0.887487399463807,0.905910182767624,0.9092347368421053,0.9125028871391077,0.9215034482758621,0.9344875675675676,0.9420873684210527,0.9577507853403141,0.9616031331592689,0.9884114285714286,1.0147560209424085,1.0236514745308312,1.0500631578947368,1.0617914438502674,1.0707821052631579,1.1343863157894736,1.1409875647668393,1.1764232804232804]},"memory":{"max":8491008,"80%":7663616,"average":7518059,"samples":[6905856,7131136,7155712,7159808,7204864,7204864,7213056,7217152,7221248,7229440,7249920,7282688,7290880,7294976,7331840,7344128,7344128,7356416,7389184,7389184,7393280,7409664,7454720,7475200,7495680,7503872,7520256,7581696,7585792,7598080,7618560,7634944,7663616,7675904,7733248,8122368,8204288,8241152,8437760,8482816,8491008]}}