{"timestamp":{"duration":164838604368,"delta":2008343083,"all":[1645888229859805515,1645888231868148598,1645888233875714327,1645888235882245613,1645888237895392660,1645888239901304095,1645888241916893876,1645888243933376047,1645888245937613545,1645888247952373499,1645888249962985869,1645888251968025578,1645888253977436884,1645888255991369995,1645888257997252964,1645888260007988486,1645888262017054433,1645888264024350329,1645888266030988611,1645888268037191773,1645888270047677051,1645888272058223522,1645888274073337911,1645888276084340286,1645888278103215710,1645888280109322025,1645888282120416138,1645888284125578303,1645888286138752194,1645888288148258892,1645888290153288678,1645888292169865832,1645888294179670218,1645888296192292901,1645888298205516874,1645888300213999376,1645888302227396158,1645888304234365847,1645888306249848566,1645888308263173624,1645888310269553152,1645888312279325762,1645888314285375792,1645888316291318734,1645888318298490437,1645888320316066003,1645888322332973848,1645888324339948287,1645888326353614874,1645888328360607904,1645888330380916957,1645888332386967036,1645888334393751560,1645888336405832361,1645888338411570576,1645888340416597450,1645888342426434574,1645888344433101371,1645888346438568755,1645888348445448734,1645888350453980374,1645888352470049826,1645888354474895064,1645888356481582445,1645888358488072017,1645888360495963291,1645888362502020270,1645888364521798335,1645888366530795001,1645888368533767677,1645888370560110175,1645888372567130343,1645888374574246672,1645888376597405959,1645888378619638513,1645888380625386430,1645888382636483928,1645888384642520917,1645888386650548400,1645888388657283731,1645888390674284745,1645888392682985712,1645888394698409883]},"cpu":{"max":0.66248,"80%":0.60166,"average":0.56456,"samples":[0.0141647682382134,0.12825341395348838,0.2421248605459057,0.48560491717171717,0.5286519085427136,0.5296645467336684,0.5308011467336683,0.5340350984924623,0.5356051819095478,0.5381122263959391,0.5404196030690537,0.5420152444444445,0.5426581424936386,0.5500785884130982,0.5507440322418136,0.5552696860759494,0.55549719697733,0.560922947314578,0.5618912396946565,0.5625043543147208,0.5632932771573604,0.5646302046272493,0.5651840757575758,0.5663992,0.5664375595959596,0.5665493403508772,0.5693022908163266,0.569309165394402,0.5693607654822335,0.5700330051282051,0.5711234587064676,0.5711350397984887,0.5725379454545455,0.5740336802030457,0.5746906887218045,0.5762369326424871,0.5764051319796955,0.5771689917948718,0.5781983727272727,0.5782054703517588,0.5791212459183673,0.5802033785714286,0.5805269893670886,0.5805594248101266,0.5808837787878788,0.581416141,0.5827490809160305,0.5841708212658228,0.5868221878787879,0.5900012976863753,0.5901149299748111,0.5918491033078881,0.5920482921914357,0.5922478393939394,0.5922536060913706,0.5928207432911392,0.5928630330788804,0.5934916584382871,0.5939234343434343,0.5949180121518988,0.595411737721519,0.5958354200514139,0.5966893154430379,0.5970310693467337,0.5975404471794872,0.6007508370927318,0.6016588802030457,0.6032748162436549,0.6043406946835443,0.6050739007518797,0.6076718010204082,0.607948248,0.6102223869346733,0.6117315738035265,0.6159020957605985,0.6176026235897436,0.6203971460559796,0.6241441938461538,0.6269040010204081,0.6298667532994924,0.6313519878172589,0.6323539604060914,0.6624845440806045]},"memory":{"max":8622080,"80%":8318976,"average":8142454,"samples":[5554176,7880704,7888896,7892992,7897088,7897088,7901184,7905280,7925760,7933952,7938048,7946240,7950336,7979008,7983104,7987200,7999488,7999488,8003584,8007680,8007680,8007680,8028160,8036352,8056832,8065024,8085504,8085504,8093696,8097792,8110080,8114176,8138752,8146944,8146944,8146944,8146944,8151040,8155136,8159232,8163328,8163328,8171520,8175616,8175616,8183808,8183808,8196096,8200192,8200192,8212480,8212480,8220672,8224768,8224768,8228864,8232960,8232960,8253440,8261632,8265728,8269824,8290304,8302592,8310784,8314880,8318976,8327168,8335360,8351744,8359936,8359936,8388608,8413184,8429568,8445952,8470528,8470528,8495104,8536064,8552448,8622080,8622080]}}
